"value","dia","mes","0-24"
38.303,1,3,1
38.972,1,3,1.25
39.228,1,3,1.5
39.125,1,3,1.75
77.036,1,3,2
77.394,1,3,2.25
77.612,1,3,2.5
77.629,1,3,2.75
115.603,1,3,3
115.935,1,3,3.25
116.197,1,3,3.5
116.353,1,3,3.75
154.264,1,3,4
155.354,1,3,4.25
156.139,1,3,4.5
156.319,1,3,4.75
194.902,1,3,5
195.239,1,3,5.25
196.487,1,3,5.5
197.537,1,3,5.75
237.753,1,3,6
239.104,1,3,6.25
240.013,1,3,6.5
239.53,1,3,6.75
277.758,1,3,7
282.87,1,3,7.25
291.944,1,3,7.5
296.198,1,3,7.75
337.185,1,3,8
342.919,1,3,8.25
345.166,1,3,8.5
345.672,1,3,8.75
383.612,1,3,9
383.517,1,3,9.25
383.503,1,3,9.5
382.945,1,3,9.75
418.714,1,3,10
418.065,1,3,10.25
417.467,1,3,10.5
416.334,1,3,10.75
453.451,1,3,11
452.985,1,3,11.25
452.562,1,3,11.5
451.515,1,3,11.75
488.657,1,3,12
488.506,1,3,12.25
489.576,1,3,12.5
489.793,1,3,12.75
529.548,1,3,13
527.789,1,3,13.25
527.148,1,3,13.5
525.255,1,3,13.75
562.134,1,3,14
560.325,1,3,14.25
558.086,1,3,14.5
555.433,1,3,14.75
590.062,1,3,15
586.758,1,3,15.25
583.871,1,3,15.5
580.055,1,3,15.75
614.591,1,3,16
611.432,1,3,16.25
607.796,1,3,16.5
604.183,1,3,16.75
638.912,1,3,17
635.719,1,3,17.25
632.465,1,3,17.5
628.267,1,3,17.75
662.685,1,3,18
661.875,1,3,18.25
662.639,1,3,18.5
661.897,1,3,18.75
699.788,1,3,19
700.431,1,3,19.25
700.018,1,3,19.5
699.968,1,3,19.75
738.259,1,3,20
738.804,1,3,20.25
739.029,1,3,20.5
738.923,1,3,20.75
777.141,1,3,21
777.512,1,3,21.25
778.139,1,3,21.5
778.528,1,3,21.75
817.295,1,3,22
817.876,1,3,22.25
818.358,1,3,22.5
818.695,1,3,22.75
856.747,1,3,23
857.398,1,3,23.25
857.662,1,3,23.5
857.943,1,3,23.75
895.758,2,3,0
896.12,2,3,0.25
896.606,2,3,0.5
896.462,2,3,0.75
934.563,2,3,1
935.334,2,3,1.25
935.993,2,3,1.5
936.113,2,3,1.75
974.725,2,3,2
974.97,2,3,2.25
975.247,2,3,2.5
975.052,2,3,2.75
1013.333,2,3,3
1013.962,2,3,3.25
1014.531,2,3,3.5
1014.64,2,3,3.75
1053.141,2,3,4
1053.682,2,3,4.25
1054.38,2,3,4.5
1055.223,2,3,4.75
1093.748,2,3,5
1094.448,2,3,5.25
1095.04,2,3,5.5
1094.734,2,3,5.75
1132.813,2,3,6
1137.31,2,3,6.25
1147.842,2,3,6.5
1152.745,2,3,6.75
1189.021,2,3,7
1186.766,2,3,7.25
1185.355,2,3,7.5
1182.903,2,3,7.75
1221.417,2,3,8
1222.348,2,3,8.25
1221.162,2,3,8.5
1218.137,2,3,8.75
1252.34,2,3,9
1248.849,2,3,9.25
1245.324,2,3,9.5
1241.358,2,3,9.75
1274.993,2,3,10
1271.181,2,3,10.25
1267.242,2,3,10.5
1262.401,2,3,10.75
1296.346,2,3,11
1291.632,2,3,11.25
1288.275,2,3,11.5
1283.136,2,3,11.75
1317.543,2,3,12
1312.815,2,3,12.25
1309.183,2,3,12.5
1304.574,2,3,12.75
1338.136,2,3,13
1333.681,2,3,13.25
1329.373,2,3,13.5
1324.604,2,3,13.75
1357.772,2,3,14
1353.241,2,3,14.25
1348.94,2,3,14.5
1344.126,2,3,14.75
1377.32,2,3,15
1372.823,2,3,15.25
1368.42,2,3,15.5
1363.584,2,3,15.75
1396.823,2,3,16
1392.45,2,3,16.25
1387.839,2,3,16.5
1382.986,2,3,16.75
1416.362,2,3,17
1411.868,2,3,17.25
1408.671,2,3,17.5
1403.862,2,3,17.75
1438.301,2,3,18
1437.886,2,3,18.25
1438.753,2,3,18.5
1438.303,2,3,18.75
1477.031,2,3,19
1476.615,2,3,19.25
1477.731,2,3,19.5
1476.901,2,3,19.75
1515.445,2,3,20
1514.979,2,3,20.25
1515.817,2,3,20.5
1515.486,2,3,20.75
1553.705,2,3,21
1554.853,2,3,21.25
1555.699,2,3,21.5
1555.234,2,3,21.75
1594.025,2,3,22
1594.918,2,3,22.25
1594.764,2,3,22.5
1595.117,2,3,22.75
1634.232,2,3,23
1635.705,2,3,23.25
1637.357,2,3,23.5
1638.59,2,3,23.75
1677.842,3,3,0
1679.019,3,3,0.25
1680.878,3,3,0.5
1681.668,3,3,0.75
1720.596,3,3,1
1722.125,3,3,1.25
1723.233,3,3,1.5
1724.358,3,3,1.75
1763.549,3,3,2
1764.725,3,3,2.25
1766.259,3,3,2.5
1767.222,3,3,2.75
1806.508,3,3,3
1808.499,3,3,3.25
1809.875,3,3,3.5
1811.046,3,3,3.75
1850.292,3,3,4
1851.621,3,3,4.25
1853.014,3,3,4.5
1854.114,3,3,4.75
1893.238,3,3,5
1895.043,3,3,5.25
1896.613,3,3,5.5
1897.653,3,3,5.75
1937.242,3,3,6
1939.522,3,3,6.25
1941.394,3,3,6.5
1940.112,3,3,6.75
1979.921,3,3,7
1981.734,3,3,7.25
1980.178,3,3,7.5
1981.51,3,3,7.75
2019.358,3,3,8
2018.012,3,3,8.25
2014.182,3,3,8.5
2010.532,3,3,8.75
2045.319,3,3,9
2042.348,3,3,9.25
2039.009,3,3,9.5
2034.223,3,3,9.75
2068.179,3,3,10
2065.088,3,3,10.25
2061.583,3,3,10.5
2057.202,3,3,10.75
2090.596,3,3,11
2086.45,3,3,11.25
2082.694,3,3,11.5
2078.221,3,3,11.75
2111.988,3,3,12
2108.033,3,3,12.25
2103.693,3,3,12.5
2099.2,3,3,12.75
2133.272,3,3,13
2129.239,3,3,13.25
2125.481,3,3,13.5
2120.907,3,3,13.75
2154.54,3,3,14
2150.054,3,3,14.25
2145.898,3,3,14.5
2141.452,3,3,14.75
2174.565,3,3,15
2170.463,3,3,15.25
2166.179,3,3,15.5
2161.444,3,3,15.75
2194.754,3,3,16
2190.943,3,3,16.25
2186.934,3,3,16.5
2182.62,3,3,16.75
2216.612,3,3,17
2212.144,3,3,17.25
2208.21,3,3,17.5
2203.711,3,3,17.75
2237.412,3,3,18
2236.985,3,3,18.25
2237.726,3,3,18.5
2237.357,3,3,18.75
2275.563,3,3,19
2275.827,3,3,19.25
2276.095,3,3,19.5
2275.617,3,3,19.75
2314.141,3,3,20
2314.39,3,3,20.25
2314.785,3,3,20.5
2314.707,3,3,20.75
2352.922,3,3,21
2353.49,3,3,21.25
2353.531,3,3,21.5
2353.412,3,3,21.75
2390.966,3,3,22
2391.305,3,3,22.25
2391.668,3,3,22.5
2391.923,3,3,22.75
2430.205,3,3,23
2431.312,3,3,23.25
2431.911,3,3,23.5
2432.546,3,3,23.75
2470.831,4,3,0
2471.761,4,3,0.25
2471.846,4,3,0.5
2472.06,4,3,0.75
2510.183,4,3,1
2510.591,4,3,1.25
2510.872,4,3,1.5
2511.063,4,3,1.75
2549.063,4,3,2
2549.673,4,3,2.25
2550.346,4,3,2.5
2550.456,4,3,2.75
2589.259,4,3,3
2589.906,4,3,3.25
2591.168,4,3,3.5
2591.634,4,3,3.75
2629.973,4,3,4
2630.572,4,3,4.25
2630.977,4,3,4.5
2631.988,4,3,4.75
2670.21,4,3,5
2670.815,4,3,5.25
2671.792,4,3,5.5
2672.544,4,3,5.75
2712.509,4,3,6
2713.768,4,3,6.25
2717.586,4,3,6.5
2725.516,4,3,6.75
2764.608,4,3,7
2769.061,4,3,7.25
2770.058,4,3,7.5
2773.308,4,3,7.75
2816.346,4,3,8
2822.011,4,3,8.25
2829.368,4,3,8.5
2836.984,4,3,8.75
2880.847,4,3,9
2890.219,4,3,9.25
2897.575,4,3,9.5
2901.383,4,3,9.75
2941.612,4,3,10
2943.428,4,3,10.25
2944.557,4,3,10.5
2947.559,4,3,10.75
2989.299,4,3,11
2992.306,4,3,11.25
2993.282,4,3,11.5
2994.494,4,3,11.75
3032.798,4,3,12
3031.692,4,3,12.25
3031.269,4,3,12.5
3030.7,4,3,12.75
3072.156,4,3,13
3072.615,4,3,13.25
3075.133,4,3,13.5
3073.668,4,3,13.75
3108.747,4,3,14
3109.499,4,3,14.25
3106.839,4,3,14.5
3103.353,4,3,14.75
3137.636,4,3,15
3133.456,4,3,15.25
3130.66,4,3,15.5
3126.997,4,3,15.75
3160.874,4,3,16
3160.169,4,3,16.25
3160.118,4,3,16.5
3158.521,4,3,16.75
3194.483,4,3,17
3191.272,4,3,17.25
3189.878,4,3,17.5
3187.863,4,3,17.75
3225.177,4,3,18
3227.935,4,3,18.25
3230.785,4,3,18.5
3233.286,4,3,18.75
3275.091,4,3,19
3276.184,4,3,19.25
3278.725,4,3,19.5
3277.733,4,3,19.75
3315.69,4,3,20
3315.149,4,3,20.25
3315.329,4,3,20.5
3314.296,4,3,20.75
3352.54,4,3,21
3353.131,4,3,21.25
3353.003,4,3,21.5
3352.444,4,3,21.75
3390.325,4,3,22
3390.674,4,3,22.25
3389.965,4,3,22.5
3389.992,4,3,22.75
3427.503,4,3,23
3427.915,4,3,23.25
3428.204,4,3,23.5
3428.084,4,3,23.75
3466.019,5,3,0
3465.767,5,3,0.25
3465.623,5,3,0.5
3465.432,5,3,0.75
3503.167,5,3,1
3503.348,5,3,1.25
3503.585,5,3,1.5
3503.151,5,3,1.75
3541.238,5,3,2
3541.352,5,3,2.25
3541.817,5,3,2.5
3541.818,5,3,2.75
3580.201,5,3,3
3580.796,5,3,3.25
3581.705,5,3,3.5
3581.809,5,3,3.75
3620.013,5,3,4
3620.156,5,3,4.25
3620.906,5,3,4.5
3620.553,5,3,4.75
3658.774,5,3,5
3659.43,5,3,5.25
3660.238,5,3,5.5
3661.868,5,3,5.75
3701.103,5,3,6
3701.902,5,3,6.25
3703.101,5,3,6.5
3700.494,5,3,6.75
3738.31,5,3,7
3738.594,5,3,7.25
3738.231,5,3,7.5
3748.608,5,3,7.75
3797.889,5,3,8
3809.061,5,3,8.25
3817.868,5,3,8.5
3827.381,5,3,8.75
3877.182,5,3,9
3886.495,5,3,9.25
3894.362,5,3,9.5
3900.77,5,3,9.75
3939.857,5,3,10
3940.756,5,3,10.25
3940.368,5,3,10.5
3941.434,5,3,10.75
3978.775,5,3,11
3981.005,5,3,11.25
3980.518,5,3,11.5
3980.184,5,3,11.75
4021.813,5,3,12
4023.805,5,3,12.25
4029.096,5,3,12.5
4030.745,5,3,12.75
4070.163,5,3,13
4069.89,5,3,13.25
4069.427,5,3,13.5
4068.623,5,3,13.75
4105.902,5,3,14
4105.838,5,3,14.25
4106.042,5,3,14.5
4106.147,5,3,14.75
4141.688,5,3,15
4142.638,5,3,15.25
4143.269,5,3,15.5
4143.122,5,3,15.75
4183.568,5,3,16
4184.743,5,3,16.25
4183.536,5,3,16.5
4180.488,5,3,16.75
4215.639,5,3,17
4214.1,5,3,17.25
4211.947,5,3,17.5
4208.202,5,3,17.75
4242.27,5,3,18
4241.477,5,3,18.25
4242.641,5,3,18.5
4243.776,5,3,18.75
4282.308,5,3,19
4283.332,5,3,19.25
4284.339,5,3,19.5
4284.347,5,3,19.75
4323.024,5,3,20
4323.116,5,3,20.25
4323.597,5,3,20.5
4323.642,5,3,20.75
4361.644,5,3,21
4362.417,5,3,21.25
4362.61,5,3,21.5
4362.917,5,3,21.75
4401.257,5,3,22
4401.483,5,3,22.25
4402.709,5,3,22.5
4402.879,5,3,22.75
4441.221,5,3,23
4441.741,5,3,23.25
4442.442,5,3,23.5
4442.509,5,3,23.75
4481.374,6,3,0
4482.196,6,3,0.25
4483.096,6,3,0.5
4483.401,6,3,0.75
4522.96,6,3,1
4523.831,6,3,1.25
4525.16,6,3,1.5
4525.505,6,3,1.75
4564.326,6,3,2
4565.292,6,3,2.25
4565.906,6,3,2.5
4566.293,6,3,2.75
4604.809,6,3,3
4606.065,6,3,3.25
4607.426,6,3,3.5
4607.978,6,3,3.75
4646.71,6,3,4
4647.513,6,3,4.25
4648.874,6,3,4.5
4649.195,6,3,4.75
4688.16,6,3,5
4690.588,6,3,5.25
4692.067,6,3,5.5
4693.952,6,3,5.75
4732.912,6,3,6
4734.339,6,3,6.25
4735.346,6,3,6.5
4733.375,6,3,6.75
4768.741,6,3,7
4771.923,6,3,7.25
4774.674,6,3,7.5
4774.071,6,3,7.75
4811.815,6,3,8
4811.364,6,3,8.25
4810.621,6,3,8.5
4808.593,6,3,8.75
4844.484,6,3,9
4842.105,6,3,9.25
4841.34,6,3,9.5
4839.423,6,3,9.75
4875.176,6,3,10
4875.163,6,3,10.25
4875.845,6,3,10.5
4874.598,6,3,10.75
4912.06,6,3,11
4910.497,6,3,11.25
4910.434,6,3,11.5
4907.614,6,3,11.75
4943.483,6,3,12
4942.261,6,3,12.25
4940.038,6,3,12.5
4937.618,6,3,12.75
4972.725,6,3,13
4968.202,6,3,13.25
4963.177,6,3,13.5
4958.365,6,3,13.75
4992.248,6,3,14
4987.532,6,3,14.25
4983.911,6,3,14.5
4978.558,6,3,14.75
5011.722,6,3,15
5006.669,6,3,15.25
5002.38,6,3,15.5
4997.789,6,3,15.75
5030.775,6,3,16
5025.681,6,3,16.25
5020.948,6,3,16.5
5015.731,6,3,16.75
5048.799,6,3,17
5044.021,6,3,17.25
5039.422,6,3,17.5
5034.139,6,3,17.75
5068.223,6,3,18
5066.789,6,3,18.25
5066.918,6,3,18.5
5067.085,6,3,18.75
5105.281,6,3,19
5106.004,6,3,19.25
5106.152,6,3,19.5
5105.387,6,3,19.75
5144.08,6,3,20
5144.697,6,3,20.25
5145.084,6,3,20.5
5145.412,6,3,20.75
5183.478,6,3,21
5183.897,6,3,21.25
5183.978,6,3,21.5
5184.422,6,3,21.75
5222.29,6,3,22
5222.428,6,3,22.25
5223.02,6,3,22.5
5222.772,6,3,22.75
5260.875,6,3,23
5261.419,6,3,23.25
5262.073,6,3,23.5
5262.477,6,3,23.75
5301.009,7,3,0
5301.399,7,3,0.25
5301.927,7,3,0.5
5302.073,7,3,0.75
5340.424,7,3,1
5341.181,7,3,1.25
5341.377,7,3,1.5
5341.798,7,3,1.75
5380.069,7,3,2
5380.593,7,3,2.25
5381.4,7,3,2.5
5381.646,7,3,2.75
5420.303,7,3,3
5420.749,7,3,3.25
5422.128,7,3,3.5
5422.522,7,3,3.75
5460.823,7,3,4
5461.581,7,3,4.25
5462.416,7,3,4.5
5462.66,7,3,4.75
5500.759,7,3,5
5502.262,7,3,5.25
5503.726,7,3,5.5
5505.019,7,3,5.75
5543.966,7,3,6
5545.984,7,3,6.25
5547.612,7,3,6.5
5544.791,7,3,6.75
5583.292,7,3,7
5584.637,7,3,7.25
5588.391,7,3,7.5
5592.224,7,3,7.75
5636.525,7,3,8
5649.93,7,3,8.25
5657.165,7,3,8.5
5662.3,7,3,8.75
5703.607,7,3,9
5705.894,7,3,9.25
5707.988,7,3,9.5
5707.455,7,3,9.75
5744.649,7,3,10
5743.953,7,3,10.25
5743.508,7,3,10.5
5749.707,7,3,10.75
5791.748,7,3,11
5795.756,7,3,11.25
5800.124,7,3,11.5
5805.169,7,3,11.75
5851.655,7,3,12
5856.642,7,3,12.25
5864.291,7,3,12.5
5866.918,7,3,12.75
5907.529,7,3,13
5909.883,7,3,13.25
5910.763,7,3,13.5
5906.916,7,3,13.75
5940.546,7,3,14
5936.399,7,3,14.25
5931.989,7,3,14.5
5927.789,7,3,14.75
5963.531,7,3,15
5961.605,7,3,15.25
5959.844,7,3,15.5
5956.901,7,3,15.75
5992.596,7,3,16
5990.131,7,3,16.25
5987.949,7,3,16.5
5982.476,7,3,16.75
6018.643,7,3,17
6017.818,7,3,17.25
6015.867,7,3,17.5
6014.064,7,3,17.75
6050.758,7,3,18
6051.067,7,3,18.25
6050.248,7,3,18.5
6050.608,7,3,18.75
6089.184,7,3,19
6089.892,7,3,19.25
6089.112,7,3,19.5
6089.221,7,3,19.75
6127.505,7,3,20
6128.343,7,3,20.25
6128.259,7,3,20.5
6128.646,7,3,20.75
6166.612,7,3,21
6167.282,7,3,21.25
6167.685,7,3,21.5
6167.759,7,3,21.75
6205.659,7,3,22
6206.186,7,3,22.25
6206.492,7,3,22.5
6206.456,7,3,22.75
6244.591,7,3,23
6245.258,7,3,23.25
6245.237,7,3,23.5
6245.022,7,3,23.75
6283.455,8,3,0
6283.673,8,3,0.25
6283.151,8,3,0.5
6283.033,8,3,0.75
6321.036,8,3,1
6321.429,8,3,1.25
6321.382,8,3,1.5
6321.64,8,3,1.75
6359.415,8,3,2
6359.811,8,3,2.25
6359.939,8,3,2.5
6359.65,8,3,2.75
6398.009,8,3,3
6398.327,8,3,3.25
6399.472,8,3,3.5
6399.365,8,3,3.75
6437.943,8,3,4
6438.436,8,3,4.25
6439.134,8,3,4.5
6439.255,8,3,4.75
6477.484,8,3,5
6478.419,8,3,5.25
6479.214,8,3,5.5
6480.782,8,3,5.75
6520.167,8,3,6
6522.007,8,3,6.25
6522.652,8,3,6.5
6520.434,8,3,6.75
6562.899,8,3,7
6570.652,8,3,7.25
6577.233,8,3,7.5
6586.935,8,3,7.75
6630.556,8,3,8
6634.538,8,3,8.25
6637.253,8,3,8.5
6640.186,8,3,8.75
6680.514,8,3,9
6683.994,8,3,9.25
6686.465,8,3,9.5
6688.82,8,3,9.75
6728.856,8,3,10
6731.289,8,3,10.25
6732.309,8,3,10.5
6734.514,8,3,10.75
6774.884,8,3,11
6777.445,8,3,11.25
6780.619,8,3,11.5
6782.776,8,3,11.75
6824.015,8,3,12
6826.455,8,3,12.25
6827.993,8,3,12.5
6830.358,8,3,12.75
6869.069,8,3,13
6867.532,8,3,13.25
6865.85,8,3,13.5
6861.396,8,3,13.75
6894.481,8,3,14
6889.893,8,3,14.25
6885.562,8,3,14.5
6881.449,8,3,14.75
6914.132,8,3,15
6909.126,8,3,15.25
6904.253,8,3,15.5
6899.669,8,3,15.75
6932.183,8,3,16
6927.292,8,3,16.25
6922.822,8,3,16.5
6917.308,8,3,16.75
6949.84,8,3,17
6945.468,8,3,17.25
6940.949,8,3,17.5
6937.163,8,3,17.75
6969.823,8,3,18
6968.174,8,3,18.25
6968.634,8,3,18.5
6968.392,8,3,18.75
7006.357,8,3,19
7006.272,8,3,19.25
7006.939,8,3,19.5
7006.481,8,3,19.75
7044.281,8,3,20
7044.309,8,3,20.25
7044.556,8,3,20.5
7044.043,8,3,20.75
7081.926,8,3,21
7082.267,8,3,21.25
7082.33,8,3,21.5
7082.104,8,3,21.75
7120.524,8,3,22
7120.859,8,3,22.25
7121.172,8,3,22.5
7121.338,8,3,22.75
7159.594,8,3,23
7160.023,8,3,23.25
7160.439,8,3,23.5
7160.358,8,3,23.75
7199.292,9,3,0
7199.643,9,3,0.25
7200.121,9,3,0.5
7200.064,9,3,0.75
7238.356,9,3,1
7238.915,9,3,1.25
7239.633,9,3,1.5
7239.972,9,3,1.75
7278.651,9,3,2
7279.419,9,3,2.25
7280.535,9,3,2.5
7280.511,9,3,2.75
7318.993,9,3,3
7319.386,9,3,3.25
7319.822,9,3,3.5
7320.146,9,3,3.75
7358.404,9,3,4
7358.917,9,3,4.25
7359.027,9,3,4.5
7359.359,9,3,4.75
7397.576,9,3,5
7398.109,9,3,5.25
7398.837,9,3,5.5
7398.897,9,3,5.75
7436.597,9,3,6
7436.979,9,3,6.25
7436.053,9,3,6.5
7431.993,9,3,6.75
7465.635,9,3,7
7461.972,9,3,7.25
7458.351,9,3,7.5
7454.394,9,3,7.75
7488.52,9,3,8
7484.604,9,3,8.25
7481.106,9,3,8.5
7477.081,9,3,8.75
7511.189,9,3,9
7507.089,9,3,9.25
7502.844,9,3,9.5
7498.085,9,3,9.75
7531.652,9,3,10
7527.425,9,3,10.25
7523.103,9,3,10.5
7518.7,9,3,10.75
7552.041,9,3,11
7547.876,9,3,11.25
7543.373,9,3,11.5
7538.966,9,3,11.75
7572.666,9,3,12
7568.98,9,3,12.25
7565.831,9,3,12.5
7561.674,9,3,12.75
7595.046,9,3,13
7591.07,9,3,13.25
7586.851,9,3,13.5
7582.245,9,3,13.75
7615.486,9,3,14
7611.282,9,3,14.25
7606.965,9,3,14.5
7602.776,9,3,14.75
7636.529,9,3,15
7632.584,9,3,15.25
7628.46,9,3,15.5
7624.644,9,3,15.75
7658.461,9,3,16
7654.745,9,3,16.25
7650.488,9,3,16.5
7646.164,9,3,16.75
7679.834,9,3,17
7676.05,9,3,17.25
7672.473,9,3,17.5
7668.126,9,3,17.75
7701.998,9,3,18
7700.761,9,3,18.25
7701.275,9,3,18.5
7701.459,9,3,18.75
7739.538,9,3,19
7740.588,9,3,19.25
7741.17,9,3,19.5
7741.304,9,3,19.75
7779.52,9,3,20
7780.067,9,3,20.25
7780.189,9,3,20.5
7779.876,9,3,20.75
7818.369,9,3,21
7818.671,9,3,21.25
7819.178,9,3,21.5
7819.221,9,3,21.75
7857.255,9,3,22
7857.649,9,3,22.25
7857.806,9,3,22.5
7858.162,9,3,22.75
7897.139,9,3,23
7898.132,9,3,23.25
7898.934,9,3,23.5
7898.699,9,3,23.75
7936.819,10,3,0
7937.616,10,3,0.25
7937.978,10,3,0.5
7938.15,10,3,0.75
7977.98,10,3,1
7978.321,10,3,1.25
7979.076,10,3,1.5
7979.32,10,3,1.75
8017.554,10,3,2
8018.969,10,3,2.25
8020.877,10,3,2.5
8022.445,10,3,2.75
8061.525,10,3,3
8062.522,10,3,3.25
8064.4,10,3,3.5
8064.863,10,3,3.75
8104.862,10,3,4
8105.972,10,3,4.25
8107.797,10,3,4.5
8110.071,10,3,4.75
8148.987,10,3,5
8151.381,10,3,5.25
8152.701,10,3,5.5
8154.053,10,3,5.75
8193.39,10,3,6
8194.881,10,3,6.25
8194.839,10,3,6.5
8193.603,10,3,6.75
8229.409,10,3,7
8232.453,10,3,7.25
8233.107,10,3,7.5
8231.296,10,3,7.75
8271.646,10,3,8
8272.281,10,3,8.25
8270.352,10,3,8.5
8266.38,10,3,8.75
8300.462,10,3,9
8296.668,10,3,9.25
8292.433,10,3,9.5
8287.689,10,3,9.75
8321.347,10,3,10
8316.723,10,3,10.25
8312.211,10,3,10.5
8307.885,10,3,10.75
8341.308,10,3,11
8337.446,10,3,11.25
8333.69,10,3,11.5
8329.53,10,3,11.75
8362.864,10,3,12
8358.667,10,3,12.25
8354.406,10,3,12.5
8349.754,10,3,12.75
8382.951,10,3,13
8378.425,10,3,13.25
8373.737,10,3,13.5
8368.639,10,3,13.75
8402.203,10,3,14
8397.816,10,3,14.25
8392.48,10,3,14.5
8387.656,10,3,14.75
8420.102,10,3,15
8414.7,10,3,15.25
8409.372,10,3,15.5
8404.967,10,3,15.75
8437.01,10,3,16
8431.73,10,3,16.25
8427.347,10,3,16.5
8421.678,10,3,16.75
8454.222,10,3,17
8450.006,10,3,17.25
8445.091,10,3,17.5
8440.423,10,3,17.75
8474.063,10,3,18
8470.855,10,3,18.25
8470.798,10,3,18.5
8470.374,10,3,18.75
8508.35,10,3,19
8508.222,10,3,19.25
8508.538,10,3,19.5
8508.536,10,3,19.75
8546.609,10,3,20
8547.006,10,3,20.25
8547.391,10,3,20.5
8547.467,10,3,20.75
8585.208,10,3,21
8585.412,10,3,21.25
8585.304,10,3,21.5
8585.205,10,3,21.75
8623.386,10,3,22
8623.361,10,3,22.25
8623.323,10,3,22.5
8622.977,10,3,22.75
8661.097,10,3,23
8661.018,10,3,23.25
8661.005,10,3,23.5
8660.666,10,3,23.75
8698.498,11,3,0
8698.298,11,3,0.25
8698.616,11,3,0.5
8697.956,11,3,0.75
8735.818,11,3,1
8736.283,11,3,1.25
8736.717,11,3,1.5
8736.21,11,3,1.75
8773.943,11,3,2
8773.975,11,3,2.25
8773.962,11,3,2.5
8773.191,11,3,2.75
8811.004,11,3,3
8811.019,11,3,3.25
8810.862,11,3,3.5
8810.727,11,3,3.75
8848.46,11,3,4
8848.576,11,3,4.25
8848.904,11,3,4.5
8848.831,11,3,4.75
8886.871,11,3,5
8887.537,11,3,5.25
8888.519,11,3,5.5
8890.198,11,3,5.75
8929.909,11,3,6
8931.785,11,3,6.25
8931.183,11,3,6.5
8927.794,11,3,6.75
8967.53,11,3,7
8976.256,11,3,7.25
8983.836,11,3,7.5
8987.792,11,3,7.75
9032.461,11,3,8
9037.758,11,3,8.25
9044.335,11,3,8.5
9047.47,11,3,8.75
9088.58,11,3,9
9091.239,11,3,9.25
9093.025,11,3,9.5
9094.427,11,3,9.75
9134.53,11,3,10
9135.564,11,3,10.25
9136.569,11,3,10.5
9138.02,11,3,10.75
9177.758,11,3,11
9180.116,11,3,11.25
9184.281,11,3,11.5
9190.028,11,3,11.75
9232.569,11,3,12
9236.859,11,3,12.25
9243.107,11,3,12.5
9245.679,11,3,12.75
9290.138,11,3,13
9291.235,11,3,13.25
9293.046,11,3,13.5
9296.508,11,3,13.75
9335.107,11,3,14
9338.443,11,3,14.25
9342.042,11,3,14.5
9343.244,11,3,14.75
9381.841,11,3,15
9382.352,11,3,15.25
9380.938,11,3,15.5
9382.261,11,3,15.75
9426.455,11,3,16
9430.288,11,3,16.25
9431.812,11,3,16.5
9436.829,11,3,16.75
9476.975,11,3,17
9476.218,11,3,17.25
9475.23,11,3,17.5
9471.245,11,3,17.75
9505.755,11,3,18
9502.973,11,3,18.25
9502.764,11,3,18.5
9503.256,11,3,18.75
9540.891,11,3,19
9541.528,11,3,19.25
9542.008,11,3,19.5
9541.234,11,3,19.75
9579.869,11,3,20
9580.222,11,3,20.25
9579.792,11,3,20.5
9579.885,11,3,20.75
9618.39,11,3,21
9618.963,11,3,21.25
9618.684,11,3,21.5
9619.874,11,3,21.75
9658.281,11,3,22
9659.028,11,3,22.25
9660.005,11,3,22.5
9659.885,11,3,22.75
9698.067,11,3,23
9699.381,11,3,23.25
9699.933,11,3,23.5
9700.662,11,3,23.75
9739.699,12,3,0
9740.675,12,3,0.25
9741.505,12,3,0.5
9741.694,12,3,0.75
9780.384,12,3,1
9781.25,12,3,1.25
9781.938,12,3,1.5
9782.053,12,3,1.75
9820.487,12,3,2
9821.152,12,3,2.25
9822.124,12,3,2.5
9822.506,12,3,2.75
9861.211,12,3,3
9862.795,12,3,3.25
9864.171,12,3,3.5
9864.869,12,3,3.75
9903.526,12,3,4
9904.408,12,3,4.25
9905.509,12,3,4.5
9905.939,12,3,4.75
9944.493,12,3,5
9945.718,12,3,5.25
9947.223,12,3,5.5
9948.802,12,3,5.75
9989.016,12,3,6
9991.24,12,3,6.25
9990.456,12,3,6.5
9988.026,12,3,6.75
10024.601,12,3,7
10025.956,12,3,7.25
10032.857,12,3,7.5
10039.09,12,3,7.75
10083.34,12,3,8
10087.602,12,3,8.25
10095.726,12,3,8.5
10103.41,12,3,8.75
10146.71,12,3,9
10150.064,12,3,9.25
10152.433,12,3,9.5
10156.979,12,3,9.75
10197.759,12,3,10
10201.833,12,3,10.25
10205.766,12,3,10.5
10207.243,12,3,10.75
10250.331,12,3,11
10254.033,12,3,11.25
10255.955,12,3,11.5
10257.956,12,3,11.75
10299.905,12,3,12
10301.352,12,3,12.25
10303.319,12,3,12.5
10303.348,12,3,12.75
10341.357,12,3,13
10344.651,12,3,13.25
10345.48,12,3,13.5
10346.416,12,3,13.75
10382.917,12,3,14
10383.359,12,3,14.25
10380.557,12,3,14.5
10377.856,12,3,14.75
10413.9,12,3,15
10411.534,12,3,15.25
10409.302,12,3,15.5
10406.544,12,3,15.75
10442.23,12,3,16
10440.213,12,3,16.25
10437.91,12,3,16.5
10435.536,12,3,16.75
10471.051,12,3,17
10468.348,12,3,17.25
10470.085,12,3,17.5
10471.191,12,3,17.75
10508.379,12,3,18
10512.807,12,3,18.25
10517.198,12,3,18.5
10521.055,12,3,18.75
10562.683,12,3,19
10566.783,12,3,19.25
10570.358,12,3,19.5
10570.917,12,3,19.75
10609.34,12,3,20
10610.296,12,3,20.25
10611.008,12,3,20.5
10611.287,12,3,20.75
10649.868,12,3,21
10650.768,12,3,21.25
10651.797,12,3,21.5
10652.108,12,3,21.75
10690.939,12,3,22
10691.781,12,3,22.25
10692.846,12,3,22.5
10693.624,12,3,22.75
10732.711,12,3,23
10734.392,12,3,23.25
10735.723,12,3,23.5
10736.417,12,3,23.75
10775.135,13,3,0
10776.372,13,3,0.25
10777.513,13,3,0.5
10778.439,13,3,0.75
10817.284,13,3,1
10818.473,13,3,1.25
10819.671,13,3,1.5
10820.509,13,3,1.75
10859.602,13,3,2
10860.951,13,3,2.25
10862.576,13,3,2.5
10863.249,13,3,2.75
10903.709,13,3,3
10904.731,13,3,3.25
10906.371,13,3,3.5
10907.363,13,3,3.75
10946.609,13,3,4
10947.994,13,3,4.25
10950.021,13,3,4.5
10951.557,13,3,4.75
10990.324,13,3,5
10991.793,13,3,5.25
10993.687,13,3,5.5
10995.873,13,3,5.75
11036.111,13,3,6
11039.173,13,3,6.25
11038.496,13,3,6.5
11043.538,13,3,6.75
11084.113,13,3,7
11086.169,13,3,7.25
11085.83,13,3,7.5
11086.434,13,3,7.75
11127.594,13,3,8
11131.453,13,3,8.25
11133.114,13,3,8.5
11133.826,13,3,8.75
11172.424,13,3,9
11172.769,13,3,9.25
11172.868,13,3,9.5
11171.949,13,3,9.75
11207.728,13,3,10
11205.266,13,3,10.25
11200.46,13,3,10.5
11196.172,13,3,10.75
11229.098,13,3,11
11224.685,13,3,11.25
11220.458,13,3,11.5
11216.287,13,3,11.75
11251.688,13,3,12
11249.238,13,3,12.25
11247.224,13,3,12.5
11244.085,13,3,12.75
11278.867,13,3,13
11275.507,13,3,13.25
11272.327,13,3,13.5
11269.011,13,3,13.75
11304.771,13,3,14
11302.806,13,3,14.25
11300.173,13,3,14.5
11297.692,13,3,14.75
11332.246,13,3,15
11328.579,13,3,15.25
11324.242,13,3,15.5
11319.962,13,3,15.75
11353.372,13,3,16
11349.078,13,3,16.25
11345.219,13,3,16.5
11340.361,13,3,16.75
11373.915,13,3,17
11369.589,13,3,17.25
11365.133,13,3,17.5
11359.795,13,3,17.75
11392.92,13,3,18
11392.158,13,3,18.25
11394.848,13,3,18.5
11397.31,13,3,18.75
11438.495,13,3,19
11440.767,13,3,19.25
11444.136,13,3,19.5
11446.846,13,3,19.75
11486.297,13,3,20
11486.512,13,3,20.25
11487.031,13,3,20.5
11487.376,13,3,20.75
11525.395,13,3,21
11526.033,13,3,21.25
11526.645,13,3,21.5
11526.792,13,3,21.75
11565.293,13,3,22
11566.234,13,3,22.25
11567.358,13,3,22.5
11567.945,13,3,22.75
11606.326,13,3,23
11607.418,13,3,23.25
11607.835,13,3,23.5
11608.199,13,3,23.75
11646.704,14,3,0
11647.465,14,3,0.25
11648.173,14,3,0.5
11648.576,14,3,0.75
11687.271,14,3,1
11688.353,14,3,1.25
11689.352,14,3,1.5
11690.331,14,3,1.75
11729.249,14,3,2
11730.465,14,3,2.25
11731.835,14,3,2.5
11732.157,14,3,2.75
11770.933,14,3,3
11772.784,14,3,3.25
11773.886,14,3,3.5
11774.488,14,3,3.75
11813.026,14,3,4
11814.342,14,3,4.25
11815.428,14,3,4.5
11816.205,14,3,4.75
11854.758,14,3,5
11857.377,14,3,5.25
11859.623,14,3,5.5
11861.864,14,3,5.75
11902.158,14,3,6
11905.062,14,3,6.25
11903.919,14,3,6.5
11902.323,14,3,6.75
11939.141,14,3,7
11937.741,14,3,7.25
11937.205,14,3,7.5
11937.841,14,3,7.75
11975.743,14,3,8
11982.347,14,3,8.25
11987.717,14,3,8.5
11987.96,14,3,8.75
12033.179,14,3,9
12044.63,14,3,9.25
12050.67,14,3,9.5
12054.519,14,3,9.75
12095.685,14,3,10
12097.123,14,3,10.25
12097.309,14,3,10.5
12097.261,14,3,10.75
12136.55,14,3,11
12138.202,14,3,11.25
12138.927,14,3,11.5
12139.084,14,3,11.75
12176.707,14,3,12
12176.573,14,3,12.25
12176.359,14,3,12.5
12175.409,14,3,12.75
12213.488,14,3,13
12212.659,14,3,13.25
12214.174,14,3,13.5
12213.988,14,3,13.75
12250.415,14,3,14
12250.198,14,3,14.25
12249.121,14,3,14.5
12247.764,14,3,14.75
12284.096,14,3,15
12280.03,14,3,15.25
12276.369,14,3,15.5
12271.353,14,3,15.75
12304.462,14,3,16
12300.045,14,3,16.25
12295.024,14,3,16.5
12294.121,14,3,16.75
12329.995,14,3,17
12325.382,14,3,17.25
12320.724,14,3,17.5
12315.751,14,3,17.75
12349.207,14,3,18
12345.132,14,3,18.25
12344.889,14,3,18.5
12343.966,14,3,18.75
12381.282,14,3,19
12381.985,14,3,19.25
12381.723,14,3,19.5
12380.869,14,3,19.75
12419.26,14,3,20
12418.86,14,3,20.25
12418.315,14,3,20.5
12418.402,14,3,20.75
12456.479,14,3,21
12456.54,14,3,21.25
12456.959,14,3,21.5
12456.984,14,3,21.75
12494.994,14,3,22
12495.938,14,3,22.25
12496.602,14,3,22.5
12496.766,14,3,22.75
12535.244,14,3,23
12536.173,14,3,23.25
12536.797,14,3,23.5
12537.148,14,3,23.75
12575.008,15,3,0
12575.544,15,3,0.25
12575.812,15,3,0.5
12575.918,15,3,0.75
12613.972,15,3,1
12614.164,15,3,1.25
12614.935,15,3,1.5
12615.045,15,3,1.75
12653.374,15,3,2
12654.039,15,3,2.25
12654.752,15,3,2.5
12654.707,15,3,2.75
12693.309,15,3,3
12694.138,15,3,3.25
12694.868,15,3,3.5
12695.015,15,3,3.75
12733.291,15,3,4
12734.191,15,3,4.25
12734.53,15,3,4.5
12734.683,15,3,4.75
12772.782,15,3,5
12773.925,15,3,5.25
12775.204,15,3,5.5
12776.393,15,3,5.75
12814.885,15,3,6
12815.916,15,3,6.25
12813.097,15,3,6.5
12809.341,15,3,6.75
12844.28,15,3,7
12841.252,15,3,7.25
12841.288,15,3,7.5
12840.227,15,3,7.75
12877.245,15,3,8
12876.079,15,3,8.25
12874.778,15,3,8.5
12872.47,15,3,8.75
12909.136,15,3,9
12905.545,15,3,9.25
12902.409,15,3,9.5
12897.841,15,3,9.75
12931.652,15,3,10
12928.549,15,3,10.25
12927.048,15,3,10.5
12925.686,15,3,10.75
12963.386,15,3,11
12962.827,15,3,11.25
12962.74,15,3,11.5
12961.301,15,3,11.75
12998.911,15,3,12
12997.495,15,3,12.25
12999.406,15,3,12.5
12995.314,15,3,12.75
13029.562,15,3,13
13026.115,15,3,13.25
13023.456,15,3,13.5
13022.022,15,3,13.75
13056.577,15,3,14
13052.583,15,3,14.25
13051.667,15,3,14.5
13047.249,15,3,14.75
13081.028,15,3,15
13078.07,15,3,15.25
13075.726,15,3,15.5
13070.423,15,3,15.75
13103.961,15,3,16
13102.297,15,3,16.25
13097.258,15,3,16.5
13091.95,15,3,16.75
13128.316,15,3,17
13123.218,15,3,17.25
13118.496,15,3,17.5
13113.607,15,3,17.75
13148.658,15,3,18
13144.002,15,3,18.25
13143.457,15,3,18.5
13142.026,15,3,18.75
13179.172,15,3,19
13178.372,15,3,19.25
13177.667,15,3,19.5
13176.298,15,3,19.75
13213.498,15,3,20
13212.467,15,3,20.25
13211.704,15,3,20.5
13210.326,15,3,20.75
13247.589,15,3,21
13247.749,15,3,21.25
13246.683,15,3,21.5
13246.728,15,3,21.75
13284.231,15,3,22
13283.354,15,3,22.25
13283.667,15,3,22.5
13283.342,15,3,22.75
13320.785,15,3,23
13320.771,15,3,23.25
13320.031,15,3,23.5
13319.659,15,3,23.75
13357.234,16,3,0
13357.822,16,3,0.25
13358.125,16,3,0.5
13357.836,16,3,0.75
13395.559,16,3,1
13396.089,16,3,1.25
13395.989,16,3,1.5
13395.724,16,3,1.75
13433.687,16,3,2
13433.823,16,3,2.25
13433.585,16,3,2.5
13433.572,16,3,2.75
13471.292,16,3,3
13471.725,16,3,3.25
13471.766,16,3,3.5
13471.532,16,3,3.75
13508.741,16,3,4
13508.787,16,3,4.25
13509.442,16,3,4.5
13508.918,16,3,4.75
13546.825,16,3,5
13546.849,16,3,5.25
13547.151,16,3,5.5
13546.643,16,3,5.75
13584.754,16,3,6
13585.11,16,3,6.25
13581.856,16,3,6.5
13577.488,16,3,6.75
13611.531,16,3,7
13607.305,16,3,7.25
13602.46,16,3,7.5
13597.452,16,3,7.75
13630.373,16,3,8
13625.577,16,3,8.25
13620.651,16,3,8.5
13615.751,16,3,8.75
13649.178,16,3,9
13644.95,16,3,9.25
13639.869,16,3,9.5
13634.371,16,3,9.75
13666.803,16,3,10
13661.657,16,3,10.25
13656.78,16,3,10.5
13651.291,16,3,10.75
13684.688,16,3,11
13681.48,16,3,11.25
13676.46,16,3,11.5
13671.207,16,3,11.75
13703.917,16,3,12
13699.338,16,3,12.25
13697.132,16,3,12.5
13691.331,16,3,12.75
13724.271,16,3,13
13719.122,16,3,13.25
13717.705,16,3,13.5
13712.527,16,3,13.75
13745.343,16,3,14
13740.081,16,3,14.25
13738.867,16,3,14.5
13733.715,16,3,14.75
13766.478,16,3,15
13762.125,16,3,15.25
13760.623,16,3,15.5
13755.344,16,3,15.75
13787.778,16,3,16
13786.978,16,3,16.25
13781.431,16,3,16.5
13776.077,16,3,16.75
13808.543,16,3,17
13806.828,16,3,17.25
13802.421,16,3,17.5
13796.891,16,3,17.75
13829.695,16,3,18
13824.708,16,3,18.25
13824.059,16,3,18.5
13823.062,16,3,18.75
13860.093,16,3,19
13859.138,16,3,19.25
13858.556,16,3,19.5
13857.271,16,3,19.75
13895.536,16,3,20
13894.553,16,3,20.25
13894.999,16,3,20.5
13894.577,16,3,20.75
13932.357,16,3,21
13931.911,16,3,21.25
13931.76,16,3,21.5
13931.588,16,3,21.75
13969.24,16,3,22
13969.542,16,3,22.25
13969.364,16,3,22.5
13968.206,16,3,22.75
14006.043,16,3,23
14006.362,16,3,23.25
14006.108,16,3,23.5
14006.235,16,3,23.75
14043.882,17,3,0
14043.458,17,3,0.25
14043.222,17,3,0.5
14043.059,17,3,0.75
14080.848,17,3,1
14081.128,17,3,1.25
14081.402,17,3,1.5
14081.442,17,3,1.75
14118.864,17,3,2
14119.138,17,3,2.25
14119.259,17,3,2.5
14118.957,17,3,2.75
14156.664,17,3,3
14157.131,17,3,3.25
14157.313,17,3,3.5
14157.022,17,3,3.75
14195.11,17,3,4
14195.395,17,3,4.25
14196.017,17,3,4.5
14195.936,17,3,4.75
14234.136,17,3,5
14234.372,17,3,5.25
14234.847,17,3,5.5
14234.776,17,3,5.75
14272.912,17,3,6
14272.817,17,3,6.25
14268.741,17,3,6.5
14264.678,17,3,6.75
14299.955,17,3,7
14301.34,17,3,7.25
14300.079,17,3,7.5
14297.226,17,3,7.75
14334.701,17,3,8
14332.982,17,3,8.25
14328.085,17,3,8.5
14322.305,17,3,8.75
14354.625,17,3,9
14349.619,17,3,9.25
14344.268,17,3,9.5
14338.684,17,3,9.75
14371.363,17,3,10
14365.928,17,3,10.25
14360.733,17,3,10.5
14355.036,17,3,10.75
14389.726,17,3,11
14384.852,17,3,11.25
14380.129,17,3,11.5
14374.664,17,3,11.75
14409.591,17,3,12
14405.898,17,3,12.25
14401.327,17,3,12.5
14395.82,17,3,12.75
14431.598,17,3,13
14426.713,17,3,13.25
14422.208,17,3,13.5
14418.9,17,3,13.75
14453.094,17,3,14
14448.298,17,3,14.25
14443.117,17,3,14.5
14441.337,17,3,14.75
14474.474,17,3,15
14469.665,17,3,15.25
14464.662,17,3,15.5
14462.933,17,3,15.75
14495.125,17,3,16
14490.298,17,3,16.25
14484.723,17,3,16.5
14482.891,17,3,16.75
14515.21,17,3,17
14510.463,17,3,17.25
14505.523,17,3,17.5
14500.045,17,3,17.75
14534.71,17,3,18
14529.796,17,3,18.25
14528.902,17,3,18.5
14528.13,17,3,18.75
14564.848,17,3,19
14564.247,17,3,19.25
14563.256,17,3,19.5
14562.196,17,3,19.75
14598.986,17,3,20
14598.45,17,3,20.25
14598.549,17,3,20.5
14597.519,17,3,20.75
14635.24,17,3,21
14634.8,17,3,21.25
14634.647,17,3,21.5
14634.402,17,3,21.75
14672.316,17,3,22
14672.068,17,3,22.25
14672.001,17,3,22.5
14670.954,17,3,22.75
14708.711,17,3,23
14708.988,17,3,23.25
14708.866,17,3,23.5
14708.713,17,3,23.75
14746.263,18,3,0
14746.82,18,3,0.25
14747.148,18,3,0.5
14747.007,18,3,0.75
14784.549,18,3,1
14784.89,18,3,1.25
14784.74,18,3,1.5
14784.713,18,3,1.75
14822.881,18,3,2
14823.128,18,3,2.25
14823.439,18,3,2.5
14823.073,18,3,2.75
14860.913,18,3,3
14860.746,18,3,3.25
14861.265,18,3,3.5
14861.056,18,3,3.75
14899.311,18,3,4
14899.406,18,3,4.25
14899.696,18,3,4.5
14899.224,18,3,4.75
14937.109,18,3,5
14937.46,18,3,5.25
14937.935,18,3,5.5
14937.799,18,3,5.75
14976.227,18,3,6
14976.144,18,3,6.25
14972.19,18,3,6.5
14968.077,18,3,6.75
15002.032,18,3,7
14999.127,18,3,7.25
14999.733,18,3,7.5
14999.408,18,3,7.75
15036.723,18,3,8
15035.619,18,3,8.25
15034.438,18,3,8.5
15032.963,18,3,8.75
15068.574,18,3,9
15067.362,18,3,9.25
15065.37,18,3,9.5
15062.967,18,3,9.75
15098.047,18,3,10
15095.93,18,3,10.25
15092.152,18,3,10.5
15089.254,18,3,10.75
15126.375,18,3,11
15136.834,18,3,11.25
15136.163,18,3,11.5
15135.595,18,3,11.75
15171.17,18,3,12
15173.775,18,3,12.25
15172.803,18,3,12.5
15172.204,18,3,12.75
15210.33,18,3,13
15208.843,18,3,13.25
15205.532,18,3,13.5
15201.65,18,3,13.75
15237.454,18,3,14
15235.543,18,3,14.25
15231.731,18,3,14.5
15227.425,18,3,14.75
15264.189,18,3,15
15260.693,18,3,15.25
15257.552,18,3,15.5
15255.027,18,3,15.75
15292.526,18,3,16
15291.852,18,3,16.25
15289.477,18,3,16.5
15286.707,18,3,16.75
15323.767,18,3,17
15322.951,18,3,17.25
15320.355,18,3,17.5
15317.248,18,3,17.75
15352.368,18,3,18
15348.768,18,3,18.25
15348.537,18,3,18.5
15348.401,18,3,18.75
15385.791,18,3,19
15385.779,18,3,19.25
15385.65,18,3,19.5
15384.798,18,3,19.75
15422.34,18,3,20
15422.045,18,3,20.25
15421.904,18,3,20.5
15421.07,18,3,20.75
15458.461,18,3,21
15458.306,18,3,21.25
15458.065,18,3,21.5
15457.255,18,3,21.75
15495.806,18,3,22
15495.474,18,3,22.25
15495.214,18,3,22.5
15494.086,18,3,22.75
15532.835,18,3,23
15532.033,18,3,23.25
15531.999,18,3,23.5
15530.99,18,3,23.75
15569.53,19,3,0
15568.621,19,3,0.25
15569.5,19,3,0.5
15569.746,19,3,0.75
15607.755,19,3,1
15607.464,19,3,1.25
15608.432,19,3,1.5
15608.244,19,3,1.75
15646.547,19,3,2
15647.064,19,3,2.25
15646.795,19,3,2.5
15647.003,19,3,2.75
15685.331,19,3,3
15685.924,19,3,3.25
15686.323,19,3,3.5
15685.755,19,3,3.75
15724.341,19,3,4
15725.556,19,3,4.25
15725.97,19,3,4.5
15726.711,19,3,4.75
15764.91,19,3,5
15765.55,19,3,5.25
15766.118,19,3,5.5
15766.554,19,3,5.75
15804.379,19,3,6
15803.479,19,3,6.25
15799.772,19,3,6.5
15796.033,19,3,6.75
15832.018,19,3,7
15833.727,19,3,7.25
15832.308,19,3,7.5
15830.985,19,3,7.75
15870.145,19,3,8
15869.607,19,3,8.25
15867.06,19,3,8.5
15866.6,19,3,8.75
15907.341,19,3,9
15903.851,19,3,9.25
15902.944,19,3,9.5
15902.162,19,3,9.75
15938.151,19,3,10
15938.287,19,3,10.25
15934.926,19,3,10.5
15930.109,19,3,10.75
15962.393,19,3,11
15957.406,19,3,11.25
15952.514,19,3,11.5
15946.912,19,3,11.75
15979.672,19,3,12
15975.113,19,3,12.25
15970.216,19,3,12.5
15964.93,19,3,12.75
16000.962,19,3,13
15995.829,19,3,13.25
15990.807,19,3,13.5
15985.455,19,3,13.75
16018.36,19,3,14
16017.396,19,3,14.25
16012.372,19,3,14.5
16006.943,19,3,14.75
16039.572,19,3,15
16039.108,19,3,15.25
16033.981,19,3,15.5
16028.613,19,3,15.75
16060.904,19,3,16
16055.901,19,3,16.25
16050.774,19,3,16.5
16048.152,19,3,16.75
16081.135,19,3,17
16075.713,19,3,17.25
16070.744,19,3,17.5
16065.31,19,3,17.75
16098.066,19,3,18
16092.958,19,3,18.25
16091.482,19,3,18.5
16090.872,19,3,18.75
16127.684,19,3,19
16126.807,19,3,19.25
16126.271,19,3,19.5
16124.826,19,3,19.75
16161.82,19,3,20
16160.759,19,3,20.25
16159.968,19,3,20.5
16158.658,19,3,20.75
16195.428,19,3,21
16194.917,19,3,21.25
16193.912,19,3,21.5
16193.626,19,3,21.75
16231.087,19,3,22
16229.986,19,3,22.25
16229.953,19,3,22.5
16228.969,19,3,22.75
16266.116,19,3,23
16265.991,19,3,23.25
16264.838,19,3,23.5
16263.828,19,3,23.75
16301.705,20,3,0
16300.736,20,3,0.25
16300.98,20,3,0.5
16299.441,20,3,0.75
16337.261,20,3,1
16336.62,20,3,1.25
16336.012,20,3,1.5
16335.61,20,3,1.75
16373.011,20,3,2
16372.604,20,3,2.25
16372.49,20,3,2.5
16371.184,20,3,2.75
16408.874,20,3,3
16409.014,20,3,3.25
16408.967,20,3,3.5
16407.853,20,3,3.75
16445.958,20,3,4
16446.075,20,3,4.25
16445.764,20,3,4.5
16445.233,20,3,4.75
16483.234,20,3,5
16483.644,20,3,5.25
16484.728,20,3,5.5
16485.845,20,3,5.75
16524.816,20,3,6
16524.366,20,3,6.25
16520.847,20,3,6.5
16517.041,20,3,6.75
16551.694,20,3,7
16552.592,20,3,7.25
16553.476,20,3,7.5
16660.895,20,3,10
16660.096,20,3,10.25
16659.453,20,3,10.5
16658.462,20,3,10.75
16694.177,20,3,11
16692.674,20,3,11.25
16692.091,20,3,11.5
16690.481,20,3,11.75
16729.408,20,3,12
16729.464,20,3,12.25
16732.72,20,3,12.5
16733.921,20,3,12.75
16772.301,20,3,13
16769.507,20,3,13.25
16765.971,20,3,13.5
16761.675,20,3,13.75
16799.083,20,3,14
16796.412,20,3,14.25
16792.202,20,3,14.5
16788.513,20,3,14.75
16826.52,20,3,15
16822.229,20,3,15.25
16817.605,20,3,15.5
16817.402,20,3,15.75
16852.037,20,3,16
16848.926,20,3,16.25
16845.617,20,3,16.5
16843.54,20,3,16.75
16880.67,20,3,17
16878.07,20,3,17.25
16874.938,20,3,17.5
16871.546,20,3,17.75
16906.948,20,3,18
16906.558,20,3,18.25
16906.872,20,3,18.5
16907.661,20,3,18.75
16944.796,20,3,19
16944.403,20,3,19.25
16943.595,20,3,19.5
16943.049,20,3,19.75
16982.318,20,3,20
16981.657,20,3,20.25
16980.911,20,3,20.5
16980.01,20,3,20.75
17016.768,20,3,21
17016.635,20,3,21.25
17015.828,20,3,21.5
17015.102,20,3,21.75
17052.183,20,3,22
17051.48,20,3,22.25
17050.524,20,3,22.5
17049.492,20,3,22.75
17086.53,20,3,23
17085.914,20,3,23.25
17085.058,20,3,23.5
17084.246,20,3,23.75
17121.443,21,3,0
17121.184,21,3,0.25
17120.72,21,3,0.5
17119.711,21,3,0.75
17156.33,21,3,1
17155.852,21,3,1.25
17155.072,21,3,1.5
17153.895,21,3,1.75
17190.642,21,3,2
17190.18,21,3,2.25
17189.12,21,3,2.5
17188.047,21,3,2.75
17225.062,21,3,3
17224.576,21,3,3.25
17223.535,21,3,3.5
17222.572,21,3,3.75
17259.199,21,3,4
17258.49,21,3,4.25
17257.595,21,3,4.5
17256.66,21,3,4.75
17293.548,21,3,5
17292.837,21,3,5.25
17292.595,21,3,5.5
17291.378,21,3,5.75
17328.754,21,3,6
17326.563,21,3,6.25
17323.106,21,3,6.5
17321.4,21,3,6.75
17366.819,21,3,7
17369.943,21,3,7.25
17370.613,21,3,7.5
17369.03,21,3,7.75
17406.832,21,3,8
17410.37,21,3,8.25
17418.055,21,3,8.5
17417.888,21,3,8.75
17455.224,21,3,9
17454.6,21,3,9.25
17454.967,21,3,9.5
17454.52,21,3,9.75
17493.242,21,3,10
17495.678,21,3,10.25
17495.555,21,3,10.5
17498.938,21,3,10.75
17536.228,21,3,11
17536.011,21,3,11.25
17540.587,21,3,11.5
17538.156,21,3,11.75
17571.975,21,3,12
17568.643,21,3,12.25
17565.395,21,3,12.5
17564.49,21,3,12.75
17600.078,21,3,13
17596.467,21,3,13.25
17592.469,21,3,13.5
17587.854,21,3,13.75
17625.85,21,3,14
17622.21,21,3,14.25
17618.09,21,3,14.5
17613.661,21,3,14.75
17650.588,21,3,15
17646.103,21,3,15.25
17641.615,21,3,15.5
17638.306,21,3,15.75
17673.285,21,3,16
17668.29,21,3,16.25
17664.073,21,3,16.5
17660.268,21,3,16.75
17699.565,21,3,17
17697.432,21,3,17.25
17695.247,21,3,17.5
17694.036,21,3,17.75
17728.358,21,3,18
17726.772,21,3,18.25
17728.966,21,3,18.5
17729.836,21,3,18.75
17771.016,21,3,19
17772.232,21,3,19.25
17771.971,21,3,19.5
17771.17,21,3,19.75
17808.483,21,3,20
17808.106,21,3,20.25
17807.197,21,3,20.5
17806.466,21,3,20.75
17843.572,21,3,21
17842.99,21,3,21.25
17842.309,21,3,21.5
17841.778,21,3,21.75
17878.71,21,3,22
17877.973,21,3,22.25
17877.375,21,3,22.5
17876.674,21,3,22.75
17915.179,21,3,23
17915.113,21,3,23.25
17914.684,21,3,23.5
17913.946,21,3,23.75
17952.06,22,3,0
17951.482,22,3,0.25
17952.047,22,3,0.5
17950.94,22,3,0.75
17988.893,22,3,1
17988.265,22,3,1.25
17988.151,22,3,1.5
17987.517,22,3,1.75
18025.382,22,3,2
18024.685,22,3,2.25
18025.619,22,3,2.5
18026.066,22,3,2.75
18064.016,22,3,3
18063.957,22,3,3.25
18064.439,22,3,3.5
18063.654,22,3,3.75
18101.615,22,3,4
18102.339,22,3,4.25
18102.885,22,3,4.5
18101.779,22,3,4.75
18139.61,22,3,5
18140.585,22,3,5.25
18140.849,22,3,5.5
18140.858,22,3,5.75
18179.009,22,3,6
18176.588,22,3,6.25
18172.798,22,3,6.5
18168.287,22,3,6.75
18205.568,22,3,7
18203.664,22,3,7.25
18203.37,22,3,7.5
18201.472,22,3,7.75
18237.484,22,3,8
18235.376,22,3,8.25
18236.734,22,3,8.5
18243.053,22,3,8.75
18281.424,22,3,9
18283.441,22,3,9.25
18282.61,22,3,9.5
18282.919,22,3,9.75
18319.051,22,3,10
18317.696,22,3,10.25
18317.278,22,3,10.5
18315.974,22,3,10.75
18354.753,22,3,11
18353.224,22,3,11.25
18351.948,22,3,11.5
18349.719,22,3,11.75
18387.987,22,3,12
18383.963,22,3,12.25
18380.233,22,3,12.5
18378.137,22,3,12.75
18414.822,22,3,13
18411.226,22,3,13.25
18407.56,22,3,13.5
18407.622,22,3,13.75
18441.056,22,3,14
18436.701,22,3,14.25
18436.939,22,3,14.5
18433.81,22,3,14.75
18468.95,22,3,15
18470.855,22,3,15.25
18467.95,22,3,15.5
18466.03,22,3,15.75
18504.578,22,3,16
18501.49,22,3,16.25
18499.874,22,3,16.5
18499.785,22,3,16.75
18533.529,22,3,17
18529.396,22,3,17.25
18529.067,22,3,17.5
18523.926,22,3,17.75
18557.143,22,3,18
18552.35,22,3,18.25
18554.686,22,3,18.5
18553.515,22,3,18.75
18590.92,22,3,19
18590.748,22,3,19.25
18590.203,22,3,19.5
18589.415,22,3,19.75
18626.721,22,3,20
18626.006,22,3,20.25
18625.75,22,3,20.5
18624.775,22,3,20.75
18662.056,22,3,21
18662.717,22,3,21.25
18661.909,22,3,21.5
18662.409,22,3,21.75
18700.206,22,3,22
18699.779,22,3,22.25
18700.246,22,3,22.5
18700.318,22,3,22.75
18738.312,22,3,23
18738.493,22,3,23.25
18738.137,22,3,23.5
18737.888,22,3,23.75
18775.916,23,3,0
18776.479,23,3,0.25
18776.686,23,3,0.5
18776.236,23,3,0.75
18814.654,23,3,1
18814.19,23,3,1.25
18814.719,23,3,1.5
18814.557,23,3,1.75
18852.715,23,3,2
18852.812,23,3,2.25
18852.233,23,3,2.5
18851.986,23,3,2.75
18890.003,23,3,3
18890.085,23,3,3.25
18890.486,23,3,3.5
18890.584,23,3,3.75
18928.469,23,3,4
18928.907,23,3,4.25
18928.603,23,3,4.5
18928.283,23,3,4.75
18966.338,23,3,5
18966.913,23,3,5.25
18967.397,23,3,5.5
18967.432,23,3,5.75
19004.975,23,3,6
19001.374,23,3,6.25
18996.893,23,3,6.5
18992.604,23,3,6.75
19026.019,23,3,7
19021.98,23,3,7.25
19017.483,23,3,7.5
19012.276,23,3,7.75
19044.891,23,3,8
19039.854,23,3,8.25
19034.508,23,3,8.5
19029.269,23,3,8.75
19061.606,23,3,9
19056.79,23,3,9.25
19051.545,23,3,9.5
19046.146,23,3,9.75
19080.724,23,3,10
19075.749,23,3,10.25
19070.877,23,3,10.5
19065.322,23,3,10.75
19097.989,23,3,11
19092.78,23,3,11.25
19091.496,23,3,11.5
19085.705,23,3,11.75
19118.619,23,3,12
19113.545,23,3,12.25
19109.728,23,3,12.5
19107.273,23,3,12.75
19140.176,23,3,13
19135.286,23,3,13.25
19130.505,23,3,13.5
19128.82,23,3,13.75
19161.61,23,3,14
19156.8,23,3,14.25
19151.811,23,3,14.5
19150.607,23,3,14.75
19183.062,23,3,15
19178.39,23,3,15.25
19176.064,23,3,15.5
19174.372,23,3,15.75
19211.949,23,3,16
19208.245,23,3,16.25
19203.568,23,3,16.5
19198.996,23,3,16.75
19234.949,23,3,17
19231.387,23,3,17.25
19227.3,23,3,17.5
19222.311,23,3,17.75
19255.326,23,3,18
19250.848,23,3,18.25
19248.91,23,3,18.5
19248.037,23,3,18.75
19285.469,23,3,19
19284.79,23,3,19.25
19284.492,23,3,19.5
19283.747,23,3,19.75
19323.031,23,3,20
19322.349,23,3,20.25
19321.751,23,3,20.5
19320.823,23,3,20.75
19357.911,23,3,21
19357.347,23,3,21.25
19356.92,23,3,21.5
19355.924,23,3,21.75
19393.053,23,3,22
19392.18,23,3,22.25
19392.748,23,3,22.5
19392.394,23,3,22.75
19430.502,23,3,23
19430.615,23,3,23.25
19430.947,23,3,23.5
19430.503,23,3,23.75
19468.856,24,3,0
19468.392,24,3,0.25
19468.344,24,3,0.5
19468.348,24,3,0.75
19506.538,24,3,1
19507.087,24,3,1.25
19507.731,24,3,1.5
19507.787,24,3,1.75
19545.779,24,3,2
19545.797,24,3,2.25
19546.204,24,3,2.5
19546.339,24,3,2.75
19584.047,24,3,3
19584.447,24,3,3.25
19584.542,24,3,3.5
19584.542,24,3,3.75
19622.413,24,3,4
19622.495,24,3,4.25
19623.312,24,3,4.5
19623.055,24,3,4.75
19661.235,24,3,5
19661.792,24,3,5.25
19662.08,24,3,5.5
19661.885,24,3,5.75
19699.826,24,3,6
19696.651,24,3,6.25
19692.217,24,3,6.5
19687.642,24,3,6.75
19721.151,24,3,7
19717.11,24,3,7.25
19713.02,24,3,7.5
19707.787,24,3,7.75
19741.671,24,3,8
19736.397,24,3,8.25
19731.481,24,3,8.5
19725.786,24,3,8.75
19759.455,24,3,9
19754.208,24,3,9.25
19749.296,24,3,9.5
19743.531,24,3,9.75
19776.065,24,3,10
19770.949,24,3,10.25
19765.799,24,3,10.5
19760.319,24,3,10.75
19792.594,24,3,11
19787.63,24,3,11.25
19782.566,24,3,11.5
19776.937,24,3,11.75
19809.637,24,3,12
19804.592,24,3,12.25
19799.542,24,3,12.5
19793.797,24,3,12.75
19826.772,24,3,13
19821.415,24,3,13.25
19816.334,24,3,13.5
19811.126,24,3,13.75
19843.95,24,3,14
19842.991,24,3,14.25
19851.412,24,3,14.5
19849.646,24,3,14.75
19888.607,24,3,15
19886.477,24,3,15.25
19887.496,24,3,15.5
19887.419,24,3,15.75
19921.991,24,3,16
19918.853,24,3,16.25
19915.031,24,3,16.5
19910.562,24,3,16.75
19944.317,24,3,17
19940.166,24,3,17.25
19935.544,24,3,17.5
19931.833,24,3,17.75
19964.87,24,3,18
19959.721,24,3,18.25
19957.731,24,3,18.5
19958.056,24,3,18.75
19995.562,24,3,19
19996.084,24,3,19.25
19995.509,24,3,19.5
19994.965,24,3,19.75
20032.997,24,3,20
20032.57,24,3,20.25
20032.897,24,3,20.5
20031.97,24,3,20.75
20070.455,24,3,21
20070.766,24,3,21.25
20070.609,24,3,21.5
20070.521,24,3,21.75
20108.768,24,3,22
20108.081,24,3,22.25
20108.614,24,3,22.5
20108.557,24,3,22.75
20146.882,24,3,23
20146.243,24,3,23.25
20146.149,24,3,23.5
20146.529,24,3,23.75
20184.563,25,3,0
20183.799,25,3,0.25
20183.888,25,3,0.5
20184.1,25,3,0.75
20222.129,25,3,1
20222.56,25,3,1.25
20222.094,25,3,1.5
20221.72,25,3,1.75
20259.746,25,3,2
20259.06,25,3,2.25
20259.649,25,3,2.5
20259.164,25,3,2.75
20296.496,25,3,3
20296.913,25,3,3.25
20297.21,25,3,3.5
20296.106,25,3,3.75
20333.953,25,3,4
20334.444,25,3,4.25
20334.783,25,3,4.5
20334.662,25,3,4.75
20372.812,25,3,5
20372.298,25,3,5.25
20372.615,25,3,5.5
20373.726,25,3,5.75
20413.517,25,3,6
20411.015,25,3,6.25
20406.781,25,3,6.5
20403.336,25,3,6.75
20438.141,25,3,7
20435.663,25,3,7.25
20442.433,25,3,7.5
20445.688,25,3,7.75
20482.824,25,3,8
20482.618,25,3,8.25
20483.818,25,3,8.5
20484.624,25,3,8.75
20529.545,25,3,9
20532.83,25,3,9.25
20538.543,25,3,9.5
20540.255,25,3,9.75
20579.364,25,3,10
20580.609,25,3,10.25
20578.796,25,3,10.5
20576.014,25,3,10.75
20612.831,25,3,11
20611.732,25,3,11.25
20610.026,25,3,11.5
20607.973,25,3,11.75
20642.981,25,3,12
20643.853,25,3,12.25
20642.358,25,3,12.5
20639.908,25,3,12.75
20676.807,25,3,13
20675.772,25,3,13.25
20675.417,25,3,13.5
20675.401,25,3,13.75
20713.287,25,3,14
20711.634,25,3,14.25
20709.752,25,3,14.5
20707.139,25,3,14.75
20743.146,25,3,15
20741.551,25,3,15.25
20739.119,25,3,15.5
20734.782,25,3,15.75
20767.677,25,3,16
20762.995,25,3,16.25
20757.807,25,3,16.5
20752.444,25,3,16.75
20786.497,25,3,17
20781.527,25,3,17.25
20776.909,25,3,17.5
20771.672,25,3,17.75
20805.744,25,3,18
20800.844,25,3,18.25
20799.3,25,3,18.5
20798.548,25,3,18.75
20836.592,25,3,19
20836.206,25,3,19.25
20835.563,25,3,19.5
20835.816,25,3,19.75
20873.678,25,3,20
20872.897,25,3,20.25
20872.383,25,3,20.5
20872.557,25,3,20.75
20909.975,25,3,21
20910.004,25,3,21.25
20909.467,25,3,21.5
20909.092,25,3,21.75
20946.416,25,3,22
20946.203,25,3,22.25
20945.575,25,3,22.5
20945.57,25,3,22.75
20983.564,25,3,23
20982.98,25,3,23.25
20983.164,25,3,23.5
20982.44,25,3,23.75
21019.792,26,3,0
21019.999,26,3,0.25
21020.253,26,3,0.5
21019.204,26,3,0.75
21056.818,26,3,1
21057.163,26,3,1.25
21057.311,26,3,1.5
21057.117,26,3,1.75
21095.014,26,3,2
21094.687,26,3,2.25
21094.947,26,3,2.5
21094.89,26,3,2.75
21132.882,26,3,3
21133.21,26,3,3.25
21133.644,26,3,3.5
21133.19,26,3,3.75
21171.159,26,3,4
21170.743,26,3,4.25
21170.606,26,3,4.5
21170.709,26,3,4.75
21208.758,26,3,5
21209.251,26,3,5.25
21210.202,26,3,5.5
21210.266,26,3,5.75
21248.833,26,3,6
21245.888,26,3,6.25
21242.789,26,3,6.5
21241.987,26,3,6.75
21280.279,26,3,7
21281.137,26,3,7.25
21289.869,26,3,7.5
21299.06,26,3,7.75
21343.977,26,3,8
21350.999,26,3,8.25
21357.443,26,3,8.5
21363.195,26,3,8.75
21407.199,26,3,9
21412.971,26,3,9.25
21414.996,26,3,9.5
21417.022,26,3,9.75
21457.308,26,3,10
21458.591,26,3,10.25
21466.443,26,3,10.5
21472.332,26,3,10.75
21514.415,26,3,11
21517.011,26,3,11.25
21523.068,26,3,11.5
21524.926,26,3,11.75
21568.117,26,3,12
21570.886,26,3,12.25
21576.831,26,3,12.5
21578.417,26,3,12.75
21615.666,26,3,13
21617.56,26,3,13.25
21617.079,26,3,13.5
21614.995,26,3,13.75
21650.398,26,3,14
21652.173,26,3,14.25
21651.694,26,3,14.5
21651.037,26,3,14.75
21688.427,26,3,15
21690.059,26,3,15.25
21689.33,26,3,15.5
21690.303,26,3,15.75
21730.206,26,3,16
21729.02,26,3,16.25
21726.773,26,3,16.5
21724.058,26,3,16.75
21758.202,26,3,17
21754.521,26,3,17.25
21752.012,26,3,17.5
21749.444,26,3,17.75
21784.901,26,3,18
21782.92,26,3,18.25
21782.725,26,3,18.5
21784.841,26,3,18.75
21825.029,26,3,19
21825.49,26,3,19.25
21825.865,26,3,19.5
21825.565,26,3,19.75
21863.753,26,3,20
21863.632,26,3,20.25
21864.08,26,3,20.5
21864.042,26,3,20.75
21902.346,26,3,21
21902.578,26,3,21.25
21903.03,26,3,21.5
21902.596,26,3,21.75
21940.746,26,3,22
21941.151,26,3,22.25
21941.809,26,3,22.5
21941.933,26,3,22.75
21979.873,26,3,23
21980.359,26,3,23.25
21980.481,26,3,23.5
21980.31,26,3,23.75
22018.378,27,3,0
22019.076,27,3,0.25
22019.215,27,3,0.5
22019.226,27,3,0.75
22057.042,27,3,1
22057.636,27,3,1.25
22057.887,27,3,1.5
22058.103,27,3,1.75
22096.889,27,3,2
22097.658,27,3,2.25
22098.281,27,3,2.5
22098.392,27,3,2.75
22136.486,27,3,3
22137.217,27,3,3.25
22137.599,27,3,3.5
22137.642,27,3,3.75
22175.302,27,3,4
22175.718,27,3,4.25
22176.095,27,3,4.5
22175.917,27,3,4.75
22214.269,27,3,5
22215.415,27,3,5.25
22216.514,27,3,5.5
22217.276,27,3,5.75
22255.349,27,3,6
22251.864,27,3,6.25
22248.726,27,3,6.5
22245.178,27,3,6.75
22279.857,27,3,7
22278.472,27,3,7.25
22276.67,27,3,7.5
22275.026,27,3,7.75
22310.769,27,3,8
22308.885,27,3,8.25
22306.619,27,3,8.5
22305.015,27,3,8.75
22341.146,27,3,9
22337.511,27,3,9.25
22336.626,27,3,9.5
22334.481,27,3,9.75
22371.236,27,3,10
22370.194,27,3,10.25
22369.869,27,3,10.5
22367.609,27,3,10.75
22414.889,27,3,11
22422.261,27,3,11.25
22422.494,27,3,11.5
22424.144,27,3,11.75
22462.682,27,3,12
22463.409,27,3,12.25
22465.595,27,3,12.5
22466.104,27,3,12.75
22502.443,27,3,13
22499.996,27,3,13.25
22497.943,27,3,13.5
22497.846,27,3,13.75
22534.349,27,3,14
22530.996,27,3,14.25
22530.444,27,3,14.5
22531.878,27,3,14.75
22567.101,27,3,15
22565.594,27,3,15.25
22567.612,27,3,15.5
22567.183,27,3,15.75
22602.688,27,3,16
22601.718,27,3,16.25
22601.753,27,3,16.5
22598.071,27,3,16.75
22633.214,27,3,17
22630.86,27,3,17.25
22626.722,27,3,17.5
22623.302,27,3,17.75
22658.086,27,3,18
22653.637,27,3,18.25
22651.221,27,3,18.5
22650.298,27,3,18.75
22687.27,27,3,19
22687.055,27,3,19.25
22686.22,27,3,19.5
22685.151,27,3,19.75
22722.324,27,3,20
22721.575,27,3,20.25
22721.075,27,3,20.5
22719.78,27,3,20.75
22757.112,27,3,21
22756.282,27,3,21.25
22755.433,27,3,21.5
22754.493,27,3,21.75
22791.114,27,3,22
22790.299,27,3,22.25
22789.409,27,3,22.5
22788.332,27,3,22.75
22826.361,27,3,23
22825.705,27,3,23.25
22826.099,27,3,23.5
22824.863,27,3,23.75
22862.432,28,3,0
22861.727,28,3,0.25
22861.95,28,3,0.5
22860.78,28,3,0.75
22898.472,28,3,1
22898,28,3,1.25
22898.014,28,3,1.5
22898.004,28,3,1.75
22934.523,28,3,2
22934.922,28,3,2.25
22934.986,28,3,2.5
22933.915,28,3,2.75
22971.525,28,3,3
22971.619,28,3,3.25
22971.476,28,3,3.5
22971.035,28,3,3.75
23009.012,28,3,4
23008.706,28,3,4.25
23008.982,28,3,4.5
23008.606,28,3,4.75
23046.52,28,3,5
23046.559,28,3,5.25
23046.94,28,3,5.5
23046.222,28,3,5.75
23082.715,28,3,6
23078.457,28,3,6.25
23074.264,28,3,6.5
23070.978,28,3,6.75
23107.333,28,3,7
23106.841,28,3,7.25
23105.69,28,3,7.5
23103.627,28,3,7.75
23140.235,28,3,8
23139.665,28,3,8.25
23137.367,28,3,8.5
23135.075,28,3,8.75
23170.744,28,3,9
23168.51,28,3,9.25
23165.541,28,3,9.5
23161.531,28,3,9.75
23193.73,28,3,10
23188.68,28,3,10.25
23183.537,28,3,10.5
23179.606,28,3,10.75
23214.295,28,3,11
23211.712,28,3,11.25
23208.659,28,3,11.5
23204.689,28,3,11.75
23237.952,28,3,12
23232.608,28,3,12.25
23227.693,28,3,12.5
23224.176,28,3,12.75
23256.583,28,3,13
23251.058,28,3,13.25
23246.126,28,3,13.5
23240.712,28,3,13.75
23274.925,28,3,14
23269.265,28,3,14.25
23264.103,28,3,14.5
23260.075,28,3,14.75
23293.601,28,3,15
23288.205,28,3,15.25
23284.427,28,3,15.5
23280.461,28,3,15.75
23312.871,28,3,16
23307.404,28,3,16.25
23303.143,28,3,16.5
23298.612,28,3,16.75
23331.048,28,3,17
23325.975,28,3,17.25
23320.845,28,3,17.5
23316.353,28,3,17.75
23349.867,28,3,18
23344.678,28,3,18.25
23340.67,28,3,18.5
23339.227,28,3,18.75
23375.902,28,3,19
23374.922,28,3,19.25
23373.624,28,3,19.5
23372.476,28,3,19.75
23408.769,28,3,20
23407.814,28,3,20.25
23406.687,28,3,20.5
23405.335,28,3,20.75
23443.047,28,3,21
23442.136,28,3,21.25
23442.274,28,3,21.5
23440.516,28,3,21.75
23478.216,28,3,22
23478.015,28,3,22.25
23477.988,28,3,22.5
23477.233,28,3,22.75
23515.252,28,3,23
23515.211,28,3,23.25
23515.177,28,3,23.5
23514.917,28,3,23.75
23552.401,29,3,0
23552.373,29,3,0.25
23552.186,29,3,0.5
23551.917,29,3,0.75
23589.123,29,3,1
23589.294,29,3,1.25
23588.998,29,3,1.5
23588.516,29,3,1.75
23626.099,29,3,2
23626.138,29,3,2.25
23626.344,29,3,2.5
23625.89,29,3,2.75
23663.9,29,3,3
23663.799,29,3,3.25
23663.918,29,3,3.5
23663.555,29,3,3.75
23701.53,29,3,4
23701.5,29,3,4.25
23701.389,29,3,4.5
23701.443,29,3,4.75
23739.075,29,3,5
23739.799,29,3,5.25
23739.83,29,3,5.5
23740.026,29,3,5.75
23776.711,29,3,6
23772.993,29,3,6.25
23769.094,29,3,6.5
23764.831,29,3,6.75
23799.385,29,3,7
23795.18,29,3,7.25
23790.905,29,3,7.5
23785.895,29,3,7.75
23819.347,29,3,8
23815.183,29,3,8.25
23810.688,29,3,8.5
23805.135,29,3,8.75
23838.486,29,3,9
23833.335,29,3,9.25
23827.781,29,3,9.5
23822.38,29,3,9.75
23854.47,29,3,10
23849.153,29,3,10.25
23843.485,29,3,10.5
23837.91,29,3,10.75
23870.036,29,3,11
23865.055,29,3,11.25
23860.162,29,3,11.5
23854.886,29,3,11.75
23887.064,29,3,12
23882.175,29,3,12.25
23879.409,29,3,12.5
23873.819,29,3,12.75
23905.986,29,3,13
23901.229,29,3,13.25
23895.793,29,3,13.5
23890.543,29,3,13.75
23925.269,29,3,14
23920.103,29,3,14.25
23914.569,29,3,14.5
23909.141,29,3,14.75
23942.77,29,3,15
23938.221,29,3,15.25
23932.662,29,3,15.5
23927.104,29,3,15.75
23959.353,29,3,16
23953.722,29,3,16.25
23948.537,29,3,16.5
23942.554,29,3,16.75
23974.911,29,3,17
23969.435,29,3,17.25
23964.611,29,3,17.5
23958.988,29,3,17.75
23991.797,29,3,18
23986.538,29,3,18.25
23982.572,29,3,18.5
23980.901,29,3,18.75
24017.9,29,3,19
24016.841,29,3,19.25
24015.883,29,3,19.5
24014.151,29,3,19.75
24052.119,29,3,20
24050.941,29,3,20.25
24050.784,29,3,20.5
24050.433,29,3,20.75
24087.603,29,3,21
24087.075,29,3,21.25
24086.955,29,3,21.5
24086.573,29,3,21.75
24123.899,29,3,22
24123.891,29,3,22.25
24123.429,29,3,22.5
24122.988,29,3,22.75
24160.231,29,3,23
24160.272,29,3,23.25
24160.263,29,3,23.5
24160.092,29,3,23.75
24197.612,30,3,0
24197.496,30,3,0.25
24196.972,30,3,0.5
24196.584,30,3,0.75
24234.002,30,3,1
24233.953,30,3,1.25
24233.514,30,3,1.5
24233.157,30,3,1.75
24270.405,30,3,2
24270.31,30,3,2.25
24270.083,30,3,2.5
24269.685,30,3,2.75
24307.436,30,3,3
24307.782,30,3,3.25
24308.047,30,3,3.5
24307.655,30,3,3.75
24345.891,30,3,4
24345.935,30,3,4.25
24346.133,30,3,4.5
24345.812,30,3,4.75
24383.525,30,3,5
24384.469,30,3,5.25
24384.736,30,3,5.5
24384.802,30,3,5.75
24421.167,30,3,6
24417.499,30,3,6.25
24414.536,30,3,6.5
24411.101,30,3,6.75
24445.753,30,3,7
24442.381,30,3,7.25
24438.358,30,3,7.5
24433.815,30,3,7.75
24467.73,30,3,8
24463.821,30,3,8.25
24459.737,30,3,8.5
24454.921,30,3,8.75
24488.313,30,3,9
24484.011,30,3,9.25
24479.563,30,3,9.5
24474.564,30,3,9.75
24508.537,30,3,10
24503.814,30,3,10.25
24499.562,30,3,10.5
24495.193,30,3,10.75
24528.117,30,3,11
24523.491,30,3,11.25
24518.344,30,3,11.5
24512.846,30,3,11.75
24545.966,30,3,12
24540.73,30,3,12.25
24535.259,30,3,12.5
24529.613,30,3,12.75
24561.726,30,3,13
24556.348,30,3,13.25
24551.166,30,3,13.5
24546.395,30,3,13.75
24578.606,30,3,14
24574.222,30,3,14.25
24568.808,30,3,14.5
24563.846,30,3,14.75
24596.45,30,3,15
24591.723,30,3,15.25
24587.579,30,3,15.5
24581.663,30,3,15.75
24615.162,30,3,16
24610.505,30,3,16.25
24605.189,30,3,16.5
24600.412,30,3,16.75
24632.822,30,3,17
24628.359,30,3,17.25
24624.599,30,3,17.5
24618.897,30,3,17.75
24652.338,30,3,18
24648.293,30,3,18.25
24644.849,30,3,18.5
24643.933,30,3,18.75
24681.556,30,3,19
24681.125,30,3,19.25
24680.975,30,3,19.5
24680.699,30,3,19.75
24718.329,30,3,20
24718.288,30,3,20.25
24718.092,30,3,20.5
24717.774,30,3,20.75
24755.552,30,3,21
24755.331,30,3,21.25
24755.445,30,3,21.5
24754.667,30,3,21.75
24792.323,30,3,22
24791.983,30,3,22.25
24792.141,30,3,22.5
24791.318,30,3,22.75
24829.039,30,3,23
24829.647,30,3,23.25
24829.476,30,3,23.5
24828.938,30,3,23.75
24866.665,31,3,0
24866.929,31,3,0.25
24866.693,31,3,0.5
24866.276,31,3,0.75
24904.364,31,3,1
24904.3,31,3,1.25
24904.487,31,3,1.5
24904.118,31,3,1.75
24942.01,31,3,2
24942.085,31,3,2.25
24942.546,31,3,2.5
24942.533,31,3,2.75
24980.605,31,3,3
24981.322,31,3,3.25
24981.711,31,3,3.5
24981.584,31,3,3.75
25019.911,31,3,4
25020.951,31,3,4.25
25021.436,31,3,4.5
25021.721,31,3,4.75
25060.465,31,3,5
25061.183,31,3,5.25
25062.015,31,3,5.5
25062.161,31,3,5.75
25102.242,31,3,6
25103.338,31,3,6.25
25102.328,31,3,6.5
25101.351,31,3,6.75
25139.883,31,3,7
25138.694,31,3,7.25
25135.255,31,3,7.5
25130.884,31,3,7.75
25164.526,31,3,8
25159.982,31,3,8.25
25156.192,31,3,8.5
25151.601,31,3,8.75
25185.656,31,3,9
25181.837,31,3,9.25
25177.64,31,3,9.5
25173.207,31,3,9.75
25206.719,31,3,10
25202.58,31,3,10.25
25198.178,31,3,10.5
25193.907,31,3,10.75
25227.295,31,3,11
25221.96,31,3,11.25
25217.744,31,3,11.5
25212.711,31,3,11.75
25245.263,31,3,12
25239.652,31,3,12.25
25234.362,31,3,12.5
25228.596,31,3,12.75
25261.014,31,3,13
25255.294,31,3,13.25
25250.15,31,3,13.5
25244.243,31,3,13.75
25277.664,31,3,14
25271.963,31,3,14.25
25267.884,31,3,14.5
25263.304,31,3,14.75
25296.652,31,3,15
25292.433,31,3,15.25
25288.264,31,3,15.5
25283.44,31,3,15.75
25316.547,31,3,16
25312.377,31,3,16.25
25307.679,31,3,16.5
25302.917,31,3,16.75
25336.139,31,3,17
25331.554,31,3,17.25
25327.633,31,3,17.5
25322.706,31,3,17.75
25356.567,31,3,18
25352.261,31,3,18.25
25348.947,31,3,18.5
25349.145,31,3,18.75
25386.501,31,3,19
25386.656,31,3,19.25
25386.396,31,3,19.5
25386.288,31,3,19.75
25423.564,31,3,20
25423.396,31,3,20.25
25423.497,31,3,20.5
25422.77,31,3,20.75
25460.508,31,3,21
25460.42,31,3,21.25
25460.433,31,3,21.5
25459.993,31,3,21.75